name,pressure_gradient
Mud A,330.61473758637385
Mud B,310.66128060926656
Mud C,223.0192319683963
