name,ECD_ppg
Mud A,12.281070726669276
Mud B,12.264107379260558
Mud C,12.189598860741059
