Flow Rate,SPP,DP_Pipe,DP_Annulus,DP_Bit
0.02,1976336.9240563246,771413.5402279081,829923.3838284165,375000.0
0.025,2193454.7499610046,774390.7944298624,833126.4555311421,585937.5
0.03,2456945.712804105,777126.2856678668,836069.4271362382,843750.0
0.035,2766925.6736210696,779675.8277873293,838812.3458337404,1148437.5
0.04,3123471.1831102124,782076.297628037,841394.8854821754,1500000.0
